{"accuracy": [0.862500011920929, 0.9275000095367432, 0.9337499737739563, 0.949999988079071, 0.9549999833106995, 0.96875], "loss": [0.3217150568962097, 0.22372326254844666, 0.2017793208360672, 0.164751335978508, 0.1465686857700348, 0.1260451078414917], "val_accuracy": [0.9447236061096191, 0.9597989916801453, 0.9698492288589478, 0.9748743772506714, 0.9849246144294739, 0.979899525642395], "val_loss": [0.22036144137382507, 0.20664040744304657, 0.15834012627601624, 0.14160875976085663, 0.14012715220451355, 0.10744630545377731]}